label,height,width,left,top,full_image_path,trial_number,HITID,HITTypeId,WorkerID,detection_area
None,NA,NA,NA,NA,http://langcog.stanford.edu/expts/saycam/frames/4647-A_20131111_1329_01.mp4-44170.jpg,1,3KTCJ4SCVG1AT34IONT8N93PFQF1MY,30WQ7ZZ0RTNQGMELVVY5VQ627H5H9Z,A1LR0VQIHQUJAM,NA
Child hand,77,115,263,403,http://langcog.stanford.edu/expts/saycam/frames/2033-A_20130731_1018_03.mp4-40280.jpg,2,3MXX6RQ9EV5X65YE3L422B4NWFZP4U,30WQ7ZZ0RTNQGMELVVY5VQ627H5H9Z,A3DM6785H781UY,0.028824869791666666
Face,109,98,137,1,http://langcog.stanford.edu/expts/saycam/frames/14741-S_20130911_1025_06.mp4-11610.jpg,3,3DW3BNF1GHIBUQIC103EPF9AKPX8V6,30WQ7ZZ0RTNQGMELVVY5VQ627H5H9Z,A1ZNO22R0CI05Q,0.03477213541666667
Child hand,38,66,107,223,http://langcog.stanford.edu/expts/saycam/frames/14741-S_20130911_1025_06.mp4-11610.jpg,3,3DW3BNF1GHIBUQIC103EPF9AKPX8V6,30WQ7ZZ0RTNQGMELVVY5VQ627H5H9Z,A1ZNO22R0CI05Q,0.0081640625
Child hand,60,78,142,136,http://langcog.stanford.edu/expts/saycam/frames/14741-S_20130911_1025_06.mp4-11610.jpg,3,3DW3BNF1GHIBUQIC103EPF9AKPX8V6,30WQ7ZZ0RTNQGMELVVY5VQ627H5H9Z,A1ZNO22R0CI05Q,0.015234375
Child hand,90,138,500,390,http://langcog.stanford.edu/expts/saycam/frames/14741-S_20130911_1025_06.mp4-11610.jpg,3,3DW3BNF1GHIBUQIC103EPF9AKPX8V6,30WQ7ZZ0RTNQGMELVVY5VQ627H5H9Z,A1ZNO22R0CI05Q,0.0404296875
Child hand,36,55,150,444,http://langcog.stanford.edu/expts/saycam/frames/14331-S_20130822_1005_01.AVI.mp4-4050.jpg,4,3PUOXASB573SHF6W7PYVAHHHS6KZ9L,30WQ7ZZ0RTNQGMELVVY5VQ627H5H9Z,A313LDOJS2HB5G,0.0064453125
None,NA,NA,NA,NA,http://langcog.stanford.edu/expts/saycam/frames/1524-A_20130712_0929_04.mp4-7695.jpg,5,3EPG8DX9LKQF2O2EHQNC73A1WBUP5Z,30WQ7ZZ0RTNQGMELVVY5VQ627H5H9Z,A9HQ3E0F2AGVO,NA
Child hand,92,308,0,388,http://langcog.stanford.edu/expts/saycam/frames/11895-A_20150507_3124_01.mp4-29325.jpg,6,3BDORL6HKKDLDMR89SE9Q4GQPA4RC1,30WQ7ZZ0RTNQGMELVVY5VQ627H5H9Z,A1ZNO22R0CI05Q,0.09223958333333333
Face,76,82,442,0,http://langcog.stanford.edu/expts/saycam/frames/6806-A_20140315_1802_01.mp4-52975.jpg,7,3ODOP6T3ASK1EYX81NTQ6YWUL5842N,30WQ7ZZ0RTNQGMELVVY5VQ627H5H9Z,A3DM6785H781UY,0.020286458333333333
Adult hand,170,68,366,282,http://langcog.stanford.edu/expts/saycam/frames/6806-A_20140315_1802_01.mp4-52975.jpg,7,3ODOP6T3ASK1EYX81NTQ6YWUL5842N,30WQ7ZZ0RTNQGMELVVY5VQ627H5H9Z,A3DM6785H781UY,0.03763020833333333
Adult hand,46,63,298,187,http://langcog.stanford.edu/expts/saycam/frames/6806-A_20140315_1802_01.mp4-52975.jpg,7,3ODOP6T3ASK1EYX81NTQ6YWUL5842N,30WQ7ZZ0RTNQGMELVVY5VQ627H5H9Z,A3DM6785H781UY,0.00943359375
None,NA,NA,NA,NA,http://langcog.stanford.edu/expts/saycam/frames/22110-S_20141203_2516_02.mp4-4075.jpg,8,368IUKXGA58BLS2SM9XHZ9O1S65P6F,30WQ7ZZ0RTNQGMELVVY5VQ627H5H9Z,A3DM6785H781UY,NA
None,NA,NA,NA,NA,http://langcog.stanford.edu/expts/saycam/frames/10682-A_20141229_2716_01.mp4-15225.jpg,9,3UY4PIS8QRLGBLPI0O880OSPKGP1NY,30WQ7ZZ0RTNQGMELVVY5VQ627H5H9Z,A313LDOJS2HB5G,NA
None,NA,NA,NA,NA,http://langcog.stanford.edu/expts/saycam/frames/8461-A_20140601_2019_03.mp4-31790.jpg,10,3X2LT8FDHWIO9FIHRA8ABHSORYZ8WG,30WQ7ZZ0RTNQGMELVVY5VQ627H5H9Z,A313LDOJS2HB5G,NA
Adult hand,24,45,291,107,http://langcog.stanford.edu/expts/saycam/frames/1963-A_20130731_1018_02.mp4-14485.jpg,11,382GHPVPHSRQZGTR5N7VP81MRJ843Y,30WQ7ZZ0RTNQGMELVVY5VQ627H5H9Z,ASFUCZPIEB6WE,0.003515625
Adult hand,23,53,259,131,http://langcog.stanford.edu/expts/saycam/frames/1963-A_20130731_1018_02.mp4-14485.jpg,11,382GHPVPHSRQZGTR5N7VP81MRJ843Y,30WQ7ZZ0RTNQGMELVVY5VQ627H5H9Z,ASFUCZPIEB6WE,0.0039680989583333335
None,NA,NA,NA,NA,http://langcog.stanford.edu/expts/saycam/frames/13223-S_20130619_0802_03.mp4-10465.jpg,12,3WUVMVA7OB36MYG1ZVCV6CS1YO2ZA0,30WQ7ZZ0RTNQGMELVVY5VQ627H5H9Z,A1ZNO22R0CI05Q,NA
None,NA,NA,NA,NA,http://langcog.stanford.edu/expts/saycam/frames/5029-A_20131206_1423_02.mp4-5935.jpg,13,3XBYQ44Z6P477ZA5U8J52DOB5BJTWP,30WQ7ZZ0RTNQGMELVVY5VQ627H5H9Z,A1LR0VQIHQUJAM,NA
None,NA,NA,NA,NA,http://langcog.stanford.edu/expts/saycam/frames/975-A_20130622_0909_04.mp4-22140.jpg,14,3W1K7D6QSBHB58LT59CR1NC7G6NZBV,30WQ7ZZ0RTNQGMELVVY5VQ627H5H9Z,A1EPE2IRWQ9XO2,NA
None,NA,NA,NA,NA,http://langcog.stanford.edu/expts/saycam/frames/13318-S_20130622_0805_05.AVI.mp4-8300.jpg,15,33TGB4G0LPHMWZFV4DFR4W2IEDPTXI,30WQ7ZZ0RTNQGMELVVY5VQ627H5H9Z,A21EDP4RJB2IQY,NA
Face,93,298,21,0,http://langcog.stanford.edu/expts/saycam/frames/15549-S_20131106_1220_01.mp4-7180.jpg,16,33K3E8REWWV3YFN71F4WD06V0058X9,30WQ7ZZ0RTNQGMELVVY5VQ627H5H9Z,A21EDP4RJB2IQY,0.09021484375
None,NA,NA,NA,NA,http://langcog.stanford.edu/expts/saycam/frames/15175-S_20131012_1125_06.mp4-6565.jpg,17,30Y6N4AHYPWVIEXM9O9KAAY8AAGRD1,30WQ7ZZ0RTNQGMELVVY5VQ627H5H9Z,ASFUCZPIEB6WE,NA
Adult hand,70,90,57,236,http://langcog.stanford.edu/expts/saycam/frames/8415-A_20140601_2019_02.mp4-12845.jpg,18,3XU80RHWHZGBHCCV51CEZDTS5J444J,30WQ7ZZ0RTNQGMELVVY5VQ627H5H9Z,A3DM6785H781UY,0.0205078125
Adult hand,85,62,199,238,http://langcog.stanford.edu/expts/saycam/frames/8415-A_20140601_2019_02.mp4-12845.jpg,18,3XU80RHWHZGBHCCV51CEZDTS5J444J,30WQ7ZZ0RTNQGMELVVY5VQ627H5H9Z,A3DM6785H781UY,0.017154947916666666
Adult hand,115,252,308,365,http://langcog.stanford.edu/expts/saycam/frames/8415-A_20140601_2019_02.mp4-12845.jpg,18,3XU80RHWHZGBHCCV51CEZDTS5J444J,30WQ7ZZ0RTNQGMELVVY5VQ627H5H9Z,A3DM6785H781UY,0.0943359375
Face,193,265,75,3,http://langcog.stanford.edu/expts/saycam/frames/642-A_20130612_0830_04.mp4-43285.jpg,19,38RHULDV9YFHYLUU0WK1O6M2UU3WIB,30WQ7ZZ0RTNQGMELVVY5VQ627H5H9Z,A2QKAA5YS0P4CI,0.16648763020833332
Child hand,190,152,343,131,http://langcog.stanford.edu/expts/saycam/frames/10473-A_20141213_2700_02.mp4-51485.jpg,20,3PMR2DOWOO1TDVGVJ6VO45Z65FZ45O,30WQ7ZZ0RTNQGMELVVY5VQ627H5H9Z,A2QKAA5YS0P4CI,0.09401041666666667
Child hand,85,84,0,395,http://langcog.stanford.edu/expts/saycam/frames/10473-A_20141213_2700_02.mp4-51485.jpg,20,3PMR2DOWOO1TDVGVJ6VO45Z65FZ45O,30WQ7ZZ0RTNQGMELVVY5VQ627H5H9Z,A2QKAA5YS0P4CI,0.0232421875
None,NA,NA,NA,NA,http://langcog.stanford.edu/expts/saycam/frames/4487-A_20131024_1311_02.mp4-15815.jpg,21,3PA41K45VN4UPSGX5J295NOXNHPP7E,30WQ7ZZ0RTNQGMELVVY5VQ627H5H9Z,A313LDOJS2HB5G,NA
None,NA,NA,NA,NA,http://langcog.stanford.edu/expts/saycam/frames/7968-A_20140509_1926_01.mp4-12670.jpg,22,3RWB1RTQDJNYP6LGFOUFJNKSY1VP81,30WQ7ZZ0RTNQGMELVVY5VQ627H5H9Z,A1LR0VQIHQUJAM,NA
Adult hand,83,88,269,373,http://langcog.stanford.edu/expts/saycam/frames/6799-A_20140315_1802_01.mp4-42805.jpg,23,3D3B8GE892RY3B4QKG0TJJF3I7DP9Q,30WQ7ZZ0RTNQGMELVVY5VQ627H5H9Z,A3H8O4XH8VNL02,0.023776041666666668
Face,70,60,402,65,http://langcog.stanford.edu/expts/saycam/frames/19728-S_20140628_2011_06.mp4-13700.jpg,24,3LB1BGHFL2WBW455991TNA9RGJJTYO,30WQ7ZZ0RTNQGMELVVY5VQ627H5H9Z,A1ZNO22R0CI05Q,0.013671875
None,NA,NA,NA,NA,http://langcog.stanford.edu/expts/saycam/frames/1376-A_20130711_0928_01.mp4-36770.jpg,25,3H5TOKO3D9JPWZG9OP5TWBD61AA646,30WQ7ZZ0RTNQGMELVVY5VQ627H5H9Z,ARAAV1GIBXYWO,NA
None,NA,NA,NA,NA,http://langcog.stanford.edu/expts/saycam/frames/19541-S_20140614_1928_05.mp4-1795.jpg,26,3H5TOKO3D9JPWZG9OP5TWBD61AA464,30WQ7ZZ0RTNQGMELVVY5VQ627H5H9Z,A9HQ3E0F2AGVO,NA
None,NA,NA,NA,NA,http://langcog.stanford.edu/expts/saycam/frames/10259-A_20141124_2611_02.mp4-12670.jpg,27,3LG268AV3860AKBM5JK4GSGTAMHREU,30WQ7ZZ0RTNQGMELVVY5VQ627H5H9Z,A3DM6785H781UY,NA
Adult hand,171,121,177,63,http://langcog.stanford.edu/expts/saycam/frames/9383-A_20140803_2221_02.mp4-42185.jpg,28,33Q5P9PUSPMUFDDZJ98MC7IPYRNZC2,30WQ7ZZ0RTNQGMELVVY5VQ627H5H9Z,A2A4UAFZ5LW71K,0.067353515625
Child hand,130,185,0,119,http://langcog.stanford.edu/expts/saycam/frames/11645-A_20150404_3022_03.mp4-1715.jpg,29,39XCQ6V3KY47SIK92UO313JK16565B,30WQ7ZZ0RTNQGMELVVY5VQ627H5H9Z,A2QKAA5YS0P4CI,0.07828776041666667
Adult hand,130,103,374,350,http://langcog.stanford.edu/expts/saycam/frames/19335-S_20140605_1919_02.mp4-16670.jpg,30,33CLA8O0MIBSGYBI0U4AYA1TMNWRFC,30WQ7ZZ0RTNQGMELVVY5VQ627H5H9Z,A2A4UAFZ5LW71K,0.04358723958333333
Adult hand,55,152,96,425,http://langcog.stanford.edu/expts/saycam/frames/19335-S_20140605_1919_02.mp4-16670.jpg,30,33CLA8O0MIBSGYBI0U4AYA1TMNWRFC,30WQ7ZZ0RTNQGMELVVY5VQ627H5H9Z,A2A4UAFZ5LW71K,0.027213541666666667
None,NA,NA,NA,NA,http://langcog.stanford.edu/expts/saycam/frames/7411-A_20140402_1820_02.mp4-29890.jpg,31,3K3IX1W4S6RC8UEVCMETFEQNOPVPA5,30WQ7ZZ0RTNQGMELVVY5VQ627H5H9Z,A1EPE2IRWQ9XO2,NA
None,NA,NA,NA,NA,http://langcog.stanford.edu/expts/saycam/frames/15004-S_20130928_1111_05.mp4-3135.jpg,32,3SBNLSTU6U54K5JDJ53XWD07JRZZD2,30WQ7ZZ0RTNQGMELVVY5VQ627H5H9Z,A3DM6785H781UY,NA
None,NA,NA,NA,NA,http://langcog.stanford.edu/expts/saycam/frames/20171-S_20140806_2120_02.mp4-13970.jpg,33,31GECDVA9JM3BMKN7DY8T9XKX1G66R,30WQ7ZZ0RTNQGMELVVY5VQ627H5H9Z,A2A4UAFZ5LW71K,NA
None,NA,NA,NA,NA,http://langcog.stanford.edu/expts/saycam/frames/19311-S_20140605_1919_01.mp4-15675.jpg,34,385MDVINFCFDTWE0IE51071279SWJN,30WQ7ZZ0RTNQGMELVVY5VQ627H5H9Z,A2A4UAFZ5LW71K,NA
Child hand,57,92,332,282,http://langcog.stanford.edu/expts/saycam/frames/10769-A_20150104_2722_01.mp4-3230.jpg,35,3L2OEKSTW9ASYKDH6BQYWED426Z8YF,30WQ7ZZ0RTNQGMELVVY5VQ627H5H9Z,A9HQ3E0F2AGVO,0.0170703125
Child hand,117,121,345,177,http://langcog.stanford.edu/expts/saycam/frames/5035-A_20131206_1423_02.mp4-15240.jpg,36,3ZVPAMTJWN3YUY7DBEASGV15N2WRGB,30WQ7ZZ0RTNQGMELVVY5VQ627H5H9Z,A2A4UAFZ5LW71K,0.046083984375
Adult hand,156,126,360,324,http://langcog.stanford.edu/expts/saycam/frames/4444-A_20131024_1311_01.mp4-8740.jpg,37,307FVKVSYRF80ZUE7ZAL2PD2WLU473,30WQ7ZZ0RTNQGMELVVY5VQ627H5H9Z,A2VRSQ7TZL5W2Y,0.063984375
None,NA,NA,NA,NA,http://langcog.stanford.edu/expts/saycam/frames/904-A_20130622_0909_02.mp4-42240.jpg,38,3IZPORCT1F9CUU2OVKSA1VD6229RHA,30WQ7ZZ0RTNQGMELVVY5VQ627H5H9Z,A2SYTRKH1JWJO5,NA
None,NA,NA,NA,NA,http://langcog.stanford.edu/expts/saycam/frames/10036-A_20141109_2527_02.mp4-14275.jpg,39,3MA5N0ATTCB84GKI0Z5D1M1FMYSWKM,30WQ7ZZ0RTNQGMELVVY5VQ627H5H9Z,A2A4UAFZ5LW71K,NA
None,NA,NA,NA,NA,http://langcog.stanford.edu/expts/saycam/frames/10592-A_20141228_2715_01.mp4-1090.jpg,40,33NOQL7T9OZS3ANM2XSHALM68038Z6,30WQ7ZZ0RTNQGMELVVY5VQ627H5H9Z,AD14EQ9O9JKRI,NA
Face,63,48,581,105,http://langcog.stanford.edu/expts/saycam/frames/11828-A_20150426_3113_01.mp4-19750.jpg,41,3RTFSSG7T86JOM20LZHEGMEUBYXWLP,30WQ7ZZ0RTNQGMELVVY5VQ627H5H9Z,A1ZNO22R0CI05Q,0.00984375
Adult hand,115,131,313,317,http://langcog.stanford.edu/expts/saycam/frames/4404-A_20131022_1309_03.mp4-29270.jpg,42,33W1NHWFYHLB1UFA5V3C1HITMDNTZF,30WQ7ZZ0RTNQGMELVVY5VQ627H5H9Z,A1LR0VQIHQUJAM,0.04903971354166667
Adult hand,41,59,573,200,http://langcog.stanford.edu/expts/saycam/frames/4404-A_20131022_1309_03.mp4-29270.jpg,42,33W1NHWFYHLB1UFA5V3C1HITMDNTZF,30WQ7ZZ0RTNQGMELVVY5VQ627H5H9Z,A1LR0VQIHQUJAM,0.007874348958333333
Adult hand,80,216,220,0,http://langcog.stanford.edu/expts/saycam/frames/9506-A_20140820_2307_05.mp4-52405.jpg,43,33QQ60S6ASITZMO916GU0E19NKBU0F,30WQ7ZZ0RTNQGMELVVY5VQ627H5H9Z,A2A4UAFZ5LW71K,0.05625
None,NA,NA,NA,NA,http://langcog.stanford.edu/expts/saycam/frames/785-A_20130614_0901_03.mp4-4875.jpg,44,3KA7IJSNW65HR4JNI0EPAPAT67GPB0,30WQ7ZZ0RTNQGMELVVY5VQ627H5H9Z,A1R9ZUH5KUDXLM,NA
Adult hand,111,110,376,369,http://langcog.stanford.edu/expts/saycam/frames/14836-S_20130919_1102_03.mp4-18700.jpg,45,3UDTAB6HH6ZVFU063VL34IEVAZ2904,30WQ7ZZ0RTNQGMELVVY5VQ627H5H9Z,ASFUCZPIEB6WE,0.03974609375
Adult hand,46,105,218,434,http://langcog.stanford.edu/expts/saycam/frames/14836-S_20130919_1102_03.mp4-18700.jpg,45,3UDTAB6HH6ZVFU063VL34IEVAZ2904,30WQ7ZZ0RTNQGMELVVY5VQ627H5H9Z,ASFUCZPIEB6WE,0.01572265625
Adult hand,52,87,0,428,http://langcog.stanford.edu/expts/saycam/frames/19283-S_20140601_1915_06.mp4-4520.jpg,46,3DTJ4WT8BDF9CBXDF0EH2VISJ30ZEV,30WQ7ZZ0RTNQGMELVVY5VQ627H5H9Z,A21EDP4RJB2IQY,0.0147265625
Face,159,95,285,292,http://langcog.stanford.edu/expts/saycam/frames/22402-S_20141221_2604_01.mp4-9420.jpg,47,3TZDZ3Y0JS6VMJLOZEP3INX5FR8917,30WQ7ZZ0RTNQGMELVVY5VQ627H5H9Z,A3DM6785H781UY,0.049169921875
None,NA,NA,NA,NA,http://langcog.stanford.edu/expts/saycam/frames/3068-A_20130830_1117_01.mp4-23140.jpg,48,3MZ3TAMYTLNCQPD812AV17EL2FORI3,30WQ7ZZ0RTNQGMELVVY5VQ627H5H9Z,A1LR0VQIHQUJAM,NA
Child hand,117,186,259,363,http://langcog.stanford.edu/expts/saycam/frames/1726-A_20130726_1013_02.mp4-4565.jpg,49,32TMVRKDGNYC0DZXH42RGP9X75048Q,30WQ7ZZ0RTNQGMELVVY5VQ627H5H9Z,A1EPE2IRWQ9XO2,0.07083984375
Child hand,197,217,181,279,http://langcog.stanford.edu/expts/saycam/frames/18830-S_20140503_1816_04.AVI.mp4-7385.jpg,50,3O0M2G5VC62CEII7MW85GL48RBI49F,30WQ7ZZ0RTNQGMELVVY5VQ627H5H9Z,A313LDOJS2HB5G,0.13915690104166667
Child hand,188,116,60,292,http://langcog.stanford.edu/expts/saycam/frames/18830-S_20140503_1816_04.AVI.mp4-7385.jpg,50,3O0M2G5VC62CEII7MW85GL48RBI49F,30WQ7ZZ0RTNQGMELVVY5VQ627H5H9Z,A313LDOJS2HB5G,0.07098958333333333
Child hand,126,85,14,322,http://langcog.stanford.edu/expts/saycam/frames/18830-S_20140503_1816_04.AVI.mp4-7385.jpg,50,3O0M2G5VC62CEII7MW85GL48RBI49F,30WQ7ZZ0RTNQGMELVVY5VQ627H5H9Z,A313LDOJS2HB5G,0.03486328125
None,NA,NA,NA,NA,http://langcog.stanford.edu/expts/saycam/frames/21500-S_20141023_2406_03.AVI.mp4-18130.jpg,51,3FJ2RVH25Z62B43KIIPHN67A7XM92O,30WQ7ZZ0RTNQGMELVVY5VQ627H5H9Z,ASFUCZPIEB6WE,NA
Face,82,69,105,344,http://langcog.stanford.edu/expts/saycam/frames/22901-S_20150118_2701_09.mp4-1610.jpg,52,32CAVSKPCEPT6B9RXPKUEJKJSCHU1I,30WQ7ZZ0RTNQGMELVVY5VQ627H5H9Z,A3DM6785H781UY,0.01841796875
Adult hand,45,39,114,128,http://langcog.stanford.edu/expts/saycam/frames/22901-S_20150118_2701_09.mp4-1610.jpg,52,32CAVSKPCEPT6B9RXPKUEJKJSCHU1I,30WQ7ZZ0RTNQGMELVVY5VQ627H5H9Z,A3DM6785H781UY,0.005712890625
Child hand,68,66,483,308,http://langcog.stanford.edu/expts/saycam/frames/22901-S_20150118_2701_09.mp4-1610.jpg,52,32CAVSKPCEPT6B9RXPKUEJKJSCHU1I,30WQ7ZZ0RTNQGMELVVY5VQ627H5H9Z,A3DM6785H781UY,0.014609375
Child hand,21,52,481,429,http://langcog.stanford.edu/expts/saycam/frames/22901-S_20150118_2701_09.mp4-1610.jpg,52,32CAVSKPCEPT6B9RXPKUEJKJSCHU1I,30WQ7ZZ0RTNQGMELVVY5VQ627H5H9Z,A3DM6785H781UY,0.0035546875
Adult hand,116,169,297,364,http://langcog.stanford.edu/expts/saycam/frames/17092-S_20140201_1515_01.mp4-11810.jpg,53,3MD8CKRQZZN8L0XEJKVVD8TLFUDRJF,30WQ7ZZ0RTNQGMELVVY5VQ627H5H9Z,A313LDOJS2HB5G,0.06381510416666666
Adult hand,56,36,146,148,http://langcog.stanford.edu/expts/saycam/frames/6921-A_20140315_1802_06.mp4-11370.jpg,54,3RZS0FBRWKA019BTW0AKL9GBOSGPC7,30WQ7ZZ0RTNQGMELVVY5VQ627H5H9Z,A1ZNO22R0CI05Q,0.0065625
Child hand,64,116,384,416,http://langcog.stanford.edu/expts/saycam/frames/19255-S_20140601_1915_01.mp4-16360.jpg,55,3ZQA3IO31BRYT6PU138LFDSUAQU1OD,30WQ7ZZ0RTNQGMELVVY5VQ627H5H9Z,A132MSWBBVTOES,0.024166666666666666
None,NA,NA,NA,NA,http://langcog.stanford.edu/expts/saycam/frames/16786-S_20140112_1426_02.mp4-5240.jpg,56,3RWO3EJELH9GE61VG3L04DXKKVQ1PU,30WQ7ZZ0RTNQGMELVVY5VQ627H5H9Z,A3H8O4XH8VNL02,NA
Child hand,145,169,469,335,http://langcog.stanford.edu/expts/saycam/frames/14254-S_20130814_0928_02.AVI.mp4-14970.jpg,57,3VP28W7DUNK1IPX9ABYNKD3SV4FZFD,30WQ7ZZ0RTNQGMELVVY5VQ627H5H9Z,A1EPE2IRWQ9XO2,0.07976888020833334
Adult hand,70,58,472,110,http://langcog.stanford.edu/expts/saycam/frames/14254-S_20130814_0928_02.AVI.mp4-14970.jpg,57,3VP28W7DUNK1IPX9ABYNKD3SV4FZFD,30WQ7ZZ0RTNQGMELVVY5VQ627H5H9Z,A1EPE2IRWQ9XO2,0.013216145833333333
Adult hand,53,33,323,186,http://langcog.stanford.edu/expts/saycam/frames/2478-A_20130813_1100_01.mp4-51435.jpg,58,3V0TR1NRVA2QJ1SCE2M5CGFSXT04AU,30WQ7ZZ0RTNQGMELVVY5VQ627H5H9Z,A1R9ZUH5KUDXLM,0.005693359375
Adult hand,57,38,545,380,http://langcog.stanford.edu/expts/saycam/frames/2478-A_20130813_1100_01.mp4-51435.jpg,58,3V0TR1NRVA2QJ1SCE2M5CGFSXT04AU,30WQ7ZZ0RTNQGMELVVY5VQ627H5H9Z,A1R9ZUH5KUDXLM,0.00705078125
None,NA,NA,NA,NA,http://langcog.stanford.edu/expts/saycam/frames/1078-A_20130624_0911_03.mp4-24965.jpg,59,3V7ICJJAZAGV2BX4KGM17RZYFBL4BP,30WQ7ZZ0RTNQGMELVVY5VQ627H5H9Z,A313LDOJS2HB5G,NA
None,NA,NA,NA,NA,http://langcog.stanford.edu/expts/saycam/frames/2474-A_20130813_1100_01.mp4-49110.jpg,60,32W3UF2EZOLECGPAYGIWIB5GXWL4CW,30WQ7ZZ0RTNQGMELVVY5VQ627H5H9Z,A2QKAA5YS0P4CI,NA
Adult hand,104,66,574,355,http://langcog.stanford.edu/expts/saycam/frames/14548-S_20130901_1015_01.mp4-36010.jpg,61,3Z8UJEJOCZDRWMZ3MI3M6GC2DBM93Z,30WQ7ZZ0RTNQGMELVVY5VQ627H5H9Z,A1ZNO22R0CI05Q,0.02234375
Face,76,67,326,0,http://langcog.stanford.edu/expts/saycam/frames/23954-S_20150419_3001_01.mp4-10960.jpg,62,3RHLQY6EDT4OH8VOYCD72HNYIWX4DW,30WQ7ZZ0RTNQGMELVVY5VQ627H5H9Z,A1ZNO22R0CI05Q,0.016575520833333333
Child hand,43,31,300,162,http://langcog.stanford.edu/expts/saycam/frames/23954-S_20150419_3001_01.mp4-10960.jpg,62,3RHLQY6EDT4OH8VOYCD72HNYIWX4DW,30WQ7ZZ0RTNQGMELVVY5VQ627H5H9Z,A1ZNO22R0CI05Q,0.004339192708333333
None,NA,NA,NA,NA,http://langcog.stanford.edu/expts/saycam/frames/8038-A_20140509_1926_03.mp4-15085.jpg,63,3UXQ63NLAAMR0J4PQ8LIT8191XGBLP,30WQ7ZZ0RTNQGMELVVY5VQ627H5H9Z,A2A4UAFZ5LW71K,NA
None,NA,NA,NA,NA,http://langcog.stanford.edu/expts/saycam/frames/11775-A_20150425_3112_02.mp4-32130.jpg,64,3KI0JD2ZU1IMFMYSQN30ZNXGSC067Q,30WQ7ZZ0RTNQGMELVVY5VQ627H5H9Z,A3H8O4XH8VNL02,NA
Child hand,110,201,286,370,http://langcog.stanford.edu/expts/saycam/frames/8206-A_20140521_2008_01.mp4-19280.jpg,65,3A3KKYU7P3H3U4KLLBITGZTJB3NWMR,30WQ7ZZ0RTNQGMELVVY5VQ627H5H9Z,A1ZNO22R0CI05Q,0.07197265625
None,NA,NA,NA,NA,http://langcog.stanford.edu/expts/saycam/frames/9359-A_20140803_2221_02.mp4-15850.jpg,66,3OWZNK3RYLP0VWRNGTK8J2UOKIVU2Z,30WQ7ZZ0RTNQGMELVVY5VQ627H5H9Z,A3H8O4XH8VNL02,NA
None,NA,NA,NA,NA,http://langcog.stanford.edu/expts/saycam/frames/13859-S_20130724_0907_04.mp4-2725.jpg,67,30IRMPJWDZJ3WK3W15V7ENTYUJDRKE,30WQ7ZZ0RTNQGMELVVY5VQ627H5H9Z,A9HQ3E0F2AGVO,NA
None,NA,NA,NA,NA,http://langcog.stanford.edu/expts/saycam/frames/8025-A_20140509_1926_03.mp4-1290.jpg,68,3O0M2G5VC62CEII7MW85GL48RBI94K,30WQ7ZZ0RTNQGMELVVY5VQ627H5H9Z,A1LR0VQIHQUJAM,NA
Face,95,89,320,147,http://langcog.stanford.edu/expts/saycam/frames/6025-A_20140216_1703_01.mp4-42680.jpg,69,3R868ACW4SC7WPT4LV452Y34WJFZGC,30WQ7ZZ0RTNQGMELVVY5VQ627H5H9Z,A2QKAA5YS0P4CI,0.027522786458333334
None,NA,NA,NA,NA,http://langcog.stanford.edu/expts/saycam/frames/14877-S_20130919_1102_06.mp4-9755.jpg,70,3GS542CVJVNUA1M701RFLDAMR7D95P,30WQ7ZZ0RTNQGMELVVY5VQ627H5H9Z,ARAAV1GIBXYWO,NA
Face,27,20,300,257,http://langcog.stanford.edu/expts/saycam/frames/1742-A_20130726_1013_02.mp4-26230.jpg,71,3K8CQCU3KE19CM5LXCXTTEIJGTXWNR,30WQ7ZZ0RTNQGMELVVY5VQ627H5H9Z,A2A4UAFZ5LW71K,0.0017578125
Face,31,21,111,166,http://langcog.stanford.edu/expts/saycam/frames/1742-A_20130726_1013_02.mp4-26230.jpg,71,3K8CQCU3KE19CM5LXCXTTEIJGTXWNR,30WQ7ZZ0RTNQGMELVVY5VQ627H5H9Z,A2A4UAFZ5LW71K,0.002119140625
None,NA,NA,NA,NA,http://langcog.stanford.edu/expts/saycam/frames/19494-S_20140612_1926_07.mp4-5675.jpg,72,3XAOZ9UYRZR1EI2AGG0P4INUPRC1QL,30WQ7ZZ0RTNQGMELVVY5VQ627H5H9Z,A3DM6785H781UY,NA
Child hand,78,79,180,384,http://langcog.stanford.edu/expts/saycam/frames/17234-S_20140202_1516_09.mp4-19335.jpg,73,3BAKUKE49HC1QJHATVPP98XZLDE1RM,30WQ7ZZ0RTNQGMELVVY5VQ627H5H9Z,A3DM6785H781UY,0.02005859375
Face,37,63,439,0,http://langcog.stanford.edu/expts/saycam/frames/9881-A_20141004_2421_02.mp4-6980.jpg,74,3D7VY91L65XB61MAQKMXTLGY126BMR,30WQ7ZZ0RTNQGMELVVY5VQ627H5H9Z,A1ZNO22R0CI05Q,0.007587890625
Adult hand,155,122,156,177,http://langcog.stanford.edu/expts/saycam/frames/9881-A_20141004_2421_02.mp4-6980.jpg,74,3D7VY91L65XB61MAQKMXTLGY126BMR,30WQ7ZZ0RTNQGMELVVY5VQ627H5H9Z,A1ZNO22R0CI05Q,0.06155598958333333
Adult hand,152,111,318,215,http://langcog.stanford.edu/expts/saycam/frames/9881-A_20141004_2421_02.mp4-6980.jpg,74,3D7VY91L65XB61MAQKMXTLGY126BMR,30WQ7ZZ0RTNQGMELVVY5VQ627H5H9Z,A1ZNO22R0CI05Q,0.054921875
None,NA,NA,NA,NA,http://langcog.stanford.edu/expts/saycam/frames/18253-S_20140329_1712_01.mp4-625.jpg,75,3511RHPADVEEGQLEM578TN6DJJIRLH,30WQ7ZZ0RTNQGMELVVY5VQ627H5H9Z,AOMFEAWQHU3D8,NA
None,NA,NA,NA,NA,http://langcog.stanford.edu/expts/saycam/frames/20862-S_20140917_2300_01.mp4-1935.jpg,76,3CZH926SICET9E9OU7OR8Z5JI8Y4EP,30WQ7ZZ0RTNQGMELVVY5VQ627H5H9Z,A1ZNO22R0CI05Q,NA
Face,40,58,272,262,http://langcog.stanford.edu/expts/saycam/frames/23172-S_20150215_2729_01.mp4-535.jpg,77,3M47JKRKCX1QF03B0SV6DNTB3W668D,30WQ7ZZ0RTNQGMELVVY5VQ627H5H9Z,A2QKAA5YS0P4CI,0.007552083333333333
Child hand,38,46,329,154,http://langcog.stanford.edu/expts/saycam/frames/23172-S_20150215_2729_01.mp4-535.jpg,77,3M47JKRKCX1QF03B0SV6DNTB3W668D,30WQ7ZZ0RTNQGMELVVY5VQ627H5H9Z,A2QKAA5YS0P4CI,0.005690104166666667
Adult hand,371,143,414,62,http://langcog.stanford.edu/expts/saycam/frames/6613-A_20140307_1722_01.mp4-22955.jpg,78,3NCN4N1H1GHHOJ7A2L1X605Y6SGBNR,30WQ7ZZ0RTNQGMELVVY5VQ627H5H9Z,A2A4UAFZ5LW71K,0.17269856770833333
Child hand,61,52,51,315,http://langcog.stanford.edu/expts/saycam/frames/23276-S_20150222_2805_01.mp4-13235.jpg,79,3P0I4CQYVY7RU75XYRX683IO632WO6,30WQ7ZZ0RTNQGMELVVY5VQ627H5H9Z,A313LDOJS2HB5G,0.010325520833333334
Face,66,66,114,108,http://langcog.stanford.edu/expts/saycam/frames/23276-S_20150222_2805_01.mp4-13235.jpg,79,3P0I4CQYVY7RU75XYRX683IO632WO6,30WQ7ZZ0RTNQGMELVVY5VQ627H5H9Z,A313LDOJS2HB5G,0.0141796875
Adult hand,405,178,7,70,http://langcog.stanford.edu/expts/saycam/frames/10069-A_20141109_2527_03.mp4-1515.jpg,80,3B6F54KMR2CDRYHN8KPUZI2V7FX1SA,30WQ7ZZ0RTNQGMELVVY5VQ627H5H9Z,ACB2YU5F07TX0,0.23466796875
None,NA,NA,NA,NA,http://langcog.stanford.edu/expts/saycam/frames/9078-A_20140720_2207_01.mp4-33920.jpg,81,38LRF35D5LWPGEN6KTYD2CZGQWVU3A,30WQ7ZZ0RTNQGMELVVY5VQ627H5H9Z,A2A4UAFZ5LW71K,NA
Adult hand,85,63,0,311,http://langcog.stanford.edu/expts/saycam/frames/10881-A_20150106_2724_02.mp4-14510.jpg,82,3OB6JN3A9QPYM83ZMH8NT0L2JO8RMJ,30WQ7ZZ0RTNQGMELVVY5VQ627H5H9Z,A1ZNO22R0CI05Q,0.017431640625
Adult hand,131,178,217,349,http://langcog.stanford.edu/expts/saycam/frames/10881-A_20150106_2724_02.mp4-14510.jpg,82,3OB6JN3A9QPYM83ZMH8NT0L2JO8RMJ,30WQ7ZZ0RTNQGMELVVY5VQ627H5H9Z,A1ZNO22R0CI05Q,0.07590494791666667
None,NA,NA,NA,NA,http://langcog.stanford.edu/expts/saycam/frames/15263-S_20131019_1202_03.mp4-3850.jpg,83,38B7Q9C28G5QT5ML5K1KDJOMN2O692,30WQ7ZZ0RTNQGMELVVY5VQ627H5H9Z,A313LDOJS2HB5G,NA
None,NA,NA,NA,NA,http://langcog.stanford.edu/expts/saycam/frames/19835-S_20140710_2023_01.mp4-245.jpg,84,38B7Q9C28G5QT5ML5K1KDJOMN2O965,30WQ7ZZ0RTNQGMELVVY5VQ627H5H9Z,A3H8O4XH8VNL02,NA
Child hand,47,74,226,185,http://langcog.stanford.edu/expts/saycam/frames/23984-S_20150419_3001_02.mp4-32630.jpg,85,371QPA24C2OE6YU2XKUK9NYH9YB1TZ,30WQ7ZZ0RTNQGMELVVY5VQ627H5H9Z,A1R9ZUH5KUDXLM,0.011321614583333334
Face,76,125,237,0,http://langcog.stanford.edu/expts/saycam/frames/23984-S_20150419_3001_02.mp4-32630.jpg,85,371QPA24C2OE6YU2XKUK9NYH9YB1TZ,30WQ7ZZ0RTNQGMELVVY5VQ627H5H9Z,A1R9ZUH5KUDXLM,0.030924479166666668
Child hand,112,139,324,368,http://langcog.stanford.edu/expts/saycam/frames/10994-A_20150117_2804_02.mp4-9330.jpg,86,3S4TINXCC0NZ647M301ALP53W2LBO6,30WQ7ZZ0RTNQGMELVVY5VQ627H5H9Z,A3DM6785H781UY,0.05067708333333333
None,NA,NA,NA,NA,http://langcog.stanford.edu/expts/saycam/frames/14190-S_20130811_0925_03.mp4-12415.jpg,87,3H6W48L9F4P9F7HYDRALX3NEG8YWPN,30WQ7ZZ0RTNQGMELVVY5VQ627H5H9Z,A9HQ3E0F2AGVO,NA
None,NA,NA,NA,NA,http://langcog.stanford.edu/expts/saycam/frames/1463-A_20130712_0929_02.mp4-6015.jpg,88,3XDJY5RK5SLAYA6AK73WCHRM4WRU4V,30WQ7ZZ0RTNQGMELVVY5VQ627H5H9Z,A2A4UAFZ5LW71K,NA
None,NA,NA,NA,NA,http://langcog.stanford.edu/expts/saycam/frames/15167-S_20131012_1125_05.mp4-9535.jpg,89,3UV0D2KX1MJLFS9KPI8XQHQJU9D4F7,30WQ7ZZ0RTNQGMELVVY5VQ627H5H9Z,ARAAV1GIBXYWO,NA
None,NA,NA,NA,NA,http://langcog.stanford.edu/expts/saycam/frames/6855-A_20140315_1802_03.mp4-14145.jpg,90,3NKW03WTLM7UFJIDD4PAX8DOL4KWQE,30WQ7ZZ0RTNQGMELVVY5VQ627H5H9Z,A9HQ3E0F2AGVO,NA
None,NA,NA,NA,NA,http://langcog.stanford.edu/expts/saycam/frames/8509-A_20140609_2027_03.mp4-40325.jpg,91,3RDTX9JRTY19X50QOU6CJXOIID8974,30WQ7ZZ0RTNQGMELVVY5VQ627H5H9Z,A1LR0VQIHQUJAM,NA
None,NA,NA,NA,NA,http://langcog.stanford.edu/expts/saycam/frames/20298-S_20140816_2130_01.mp4-7920.jpg,92,3FBEFUUYRK54YOWQXQFK9EZ6TK66AH,30WQ7ZZ0RTNQGMELVVY5VQ627H5H9Z,A1R9ZUH5KUDXLM,NA
Face,168,282,358,0,http://langcog.stanford.edu/expts/saycam/frames/13608-S_20130710_0823_04.AVI.mp4-14820.jpg,93,3QE4DGPGBRBRTS5F02EF82QVVOD4G6,30WQ7ZZ0RTNQGMELVVY5VQ627H5H9Z,A2QKAA5YS0P4CI,0.15421875
None,NA,NA,NA,NA,http://langcog.stanford.edu/expts/saycam/frames/23835-S_20150409_2923_03.mp4-2045.jpg,94,3YGYP13641944QOZYINN6FA2OEIRNJ,30WQ7ZZ0RTNQGMELVVY5VQ627H5H9Z,A1LR0VQIHQUJAM,NA
Face,137,131,509,9,http://langcog.stanford.edu/expts/saycam/frames/1589-A_20130721_1008_01.mp4-12930.jpg,95,3TZ0XG8CBUKDXJ59YZYIXXKDTXE98R,30WQ7ZZ0RTNQGMELVVY5VQ627H5H9Z,A21EDP4RJB2IQY,0.05842122395833333
Child hand,122,115,451,280,http://langcog.stanford.edu/expts/saycam/frames/5910-A_20140214_1701_01.mp4-22955.jpg,96,31KSVEGZ34SURKXDQJEA2YNTHQMWRF,30WQ7ZZ0RTNQGMELVVY5VQ627H5H9Z,ARAAV1GIBXYWO,0.045670572916666666
None,NA,NA,NA,NA,http://langcog.stanford.edu/expts/saycam/frames/16265-S_20131212_1325_02.mp4-12390.jpg,97,32CAVSKPCEPT6B9RXPKUEJKJSCI1UQ,30WQ7ZZ0RTNQGMELVVY5VQ627H5H9Z,ARAAV1GIBXYWO,NA
None,NA,NA,NA,NA,http://langcog.stanford.edu/expts/saycam/frames/12316-S_20130504_0617_01.AVI.mp4-330.jpg,98,3KA7IJSNW65HR4JNI0EPAPAT67HBPN,30WQ7ZZ0RTNQGMELVVY5VQ627H5H9Z,A3H8O4XH8VNL02,NA
Face,59,39,442,13,http://langcog.stanford.edu/expts/saycam/frames/18000-S_20140312_1623_04.mp4-10380.jpg,99,3QO7EE372ON2RGK2IDTEAU03B33BQE,30WQ7ZZ0RTNQGMELVVY5VQ627H5H9Z,A313LDOJS2HB5G,0.007490234375
Adult hand,19,35,362,97,http://langcog.stanford.edu/expts/saycam/frames/18000-S_20140312_1623_04.mp4-10380.jpg,99,3QO7EE372ON2RGK2IDTEAU03B33BQE,30WQ7ZZ0RTNQGMELVVY5VQ627H5H9Z,A313LDOJS2HB5G,0.0021647135416666668
Adult hand,78,107,392,214,http://langcog.stanford.edu/expts/saycam/frames/18000-S_20140312_1623_04.mp4-10380.jpg,99,3QO7EE372ON2RGK2IDTEAU03B33BQE,30WQ7ZZ0RTNQGMELVVY5VQ627H5H9Z,A313LDOJS2HB5G,0.02716796875
Child hand,157,358,152,323,http://langcog.stanford.edu/expts/saycam/frames/9641-A_20140912_2330_02.mp4-25.jpg,100,3DWGDA5POF4TJQYR2FUZA5M26JR1VF,30WQ7ZZ0RTNQGMELVVY5VQ627H5H9Z,A3H8O4XH8VNL02,0.18296223958333332
Adult hand,43,53,350,233,http://langcog.stanford.edu/expts/saycam/frames/2210-A_20130808_1026_01.mp4-46535.jpg,101,39I4RL8QGJH5TO0QK8WXT22WAOQ4H5,30WQ7ZZ0RTNQGMELVVY5VQ627H5H9Z,A21EDP4RJB2IQY,0.007418619791666667
Adult hand,34,51,301,298,http://langcog.stanford.edu/expts/saycam/frames/2210-A_20130808_1026_01.mp4-46535.jpg,101,39I4RL8QGJH5TO0QK8WXT22WAOQ4H5,30WQ7ZZ0RTNQGMELVVY5VQ627H5H9Z,A21EDP4RJB2IQY,0.00564453125
Face,93,93,319,135,http://langcog.stanford.edu/expts/saycam/frames/2210-A_20130808_1026_01.mp4-46535.jpg,101,39I4RL8QGJH5TO0QK8WXT22WAOQ4H5,30WQ7ZZ0RTNQGMELVVY5VQ627H5H9Z,A21EDP4RJB2IQY,0.028154296875
None,NA,NA,NA,NA,http://langcog.stanford.edu/expts/saycam/frames/15151-S_20131012_1125_02.mp4-5350.jpg,102,3X2YVV51PU46YFYWSPZVW75GDST1WP,30WQ7ZZ0RTNQGMELVVY5VQ627H5H9Z,ARAAV1GIBXYWO,NA
None,NA,NA,NA,NA,http://langcog.stanford.edu/expts/saycam/frames/1600-A_20130721_1008_01.mp4-22640.jpg,103,34O39PNDK6823HZ2VSIEFKA87P5BRF,30WQ7ZZ0RTNQGMELVVY5VQ627H5H9Z,AOMFEAWQHU3D8,NA
None,NA,NA,NA,NA,http://langcog.stanford.edu/expts/saycam/frames/3395-A_20130907_1125_03.mp4-53540.jpg,104,3F6045TU7DODBOOJ3R4WXTFOD3W99G,30WQ7ZZ0RTNQGMELVVY5VQ627H5H9Z,A1ZNO22R0CI05Q,NA
Child hand,84,107,296,130,http://langcog.stanford.edu/expts/saycam/frames/8311-A_20140530_2017_01.mp4-14875.jpg,105,33KGGVH24UHLNF3M2UVHYQJNMUZ1XI,30WQ7ZZ0RTNQGMELVVY5VQ627H5H9Z,A21EDP4RJB2IQY,0.0292578125
Child hand,69,54,402,123,http://langcog.stanford.edu/expts/saycam/frames/8311-A_20140530_2017_01.mp4-14875.jpg,105,33KGGVH24UHLNF3M2UVHYQJNMUZ1XI,30WQ7ZZ0RTNQGMELVVY5VQ627H5H9Z,A21EDP4RJB2IQY,0.01212890625
None,NA,NA,NA,NA,http://langcog.stanford.edu/expts/saycam/frames/14864-S_20130919_1102_05.mp4-15030.jpg,106,3DIIW4IV8PV5PJBAQQEITE3BA154IY,30WQ7ZZ0RTNQGMELVVY5VQ627H5H9Z,A3DM6785H781UY,NA
None,NA,NA,NA,NA,http://langcog.stanford.edu/expts/saycam/frames/798-A_20130614_0901_03.mp4-17875.jpg,107,3DWNFENNE3V1KUVG88ZI5FIBNGU4JA,30WQ7ZZ0RTNQGMELVVY5VQ627H5H9Z,A1R9ZUH5KUDXLM,NA
Face,106,81,456,30,http://langcog.stanford.edu/expts/saycam/frames/7764-A_20140502_1919_02.mp4-7485.jpg,108,34KYK9TV2R8E4WZFAHIJ5UF4TROBS3,30WQ7ZZ0RTNQGMELVVY5VQ627H5H9Z,A2A4UAFZ5LW71K,0.02794921875
Adult hand,51,59,371,90,http://langcog.stanford.edu/expts/saycam/frames/7764-A_20140502_1919_02.mp4-7485.jpg,108,34KYK9TV2R8E4WZFAHIJ5UF4TROBS3,30WQ7ZZ0RTNQGMELVVY5VQ627H5H9Z,A2A4UAFZ5LW71K,0.009794921875
Adult hand,68,66,452,314,http://langcog.stanford.edu/expts/saycam/frames/7764-A_20140502_1919_02.mp4-7485.jpg,108,34KYK9TV2R8E4WZFAHIJ5UF4TROBS3,30WQ7ZZ0RTNQGMELVVY5VQ627H5H9Z,A2A4UAFZ5LW71K,0.014609375
Child hand,311,305,293,61,http://langcog.stanford.edu/expts/saycam/frames/4883-A_20131127_1414_03.mp4-8600.jpg,109,3FI30CQHVKJ9HY1I34FG4PJCB2R6BC,30WQ7ZZ0RTNQGMELVVY5VQ627H5H9Z,A1EPE2IRWQ9XO2,0.30877278645833334
Child hand,185,210,6,293,http://langcog.stanford.edu/expts/saycam/frames/5000-A_20131206_1423_01.mp4-30480.jpg,110,30F94FBDNRKFJWCUZHN9FZBQVA2BTS,30WQ7ZZ0RTNQGMELVVY5VQ627H5H9Z,A3TIKE8FYGEP69,0.12646484375
Adult hand,269,373,177,211,http://langcog.stanford.edu/expts/saycam/frames/5000-A_20131206_1423_01.mp4-30480.jpg,110,30F94FBDNRKFJWCUZHN9FZBQVA2BTS,30WQ7ZZ0RTNQGMELVVY5VQ627H5H9Z,A3TIKE8FYGEP69,0.32661783854166665
None,NA,NA,NA,NA,http://langcog.stanford.edu/expts/saycam/frames/5569-A_20140131_1618_03.mp4-17435.jpg,111,3R16PJFTS3RWVE1YQTZU6UIO25U4K9,30WQ7ZZ0RTNQGMELVVY5VQ627H5H9Z,A1R9ZUH5KUDXLM,NA
Adult hand,86,52,487,275,http://langcog.stanford.edu/expts/saycam/frames/7440-A_20140402_1820_03.mp4-5505.jpg,112,3P520RYKCH6SUTAAYCM6H9X04SMU50,30WQ7ZZ0RTNQGMELVVY5VQ627H5H9Z,AOMFEAWQHU3D8,0.014557291666666666
Adult hand,191,79,0,202,http://langcog.stanford.edu/expts/saycam/frames/7440-A_20140402_1820_03.mp4-5505.jpg,112,3P520RYKCH6SUTAAYCM6H9X04SMU50,30WQ7ZZ0RTNQGMELVVY5VQ627H5H9Z,AOMFEAWQHU3D8,0.04911783854166667
Adult hand,36,48,281,104,http://langcog.stanford.edu/expts/saycam/frames/18434-S_20140409_1723_02.AVI.mp4-16285.jpg,113,3VQTAXTYN3LUJ9RJZMDJKVXSEO9BUJ,30WQ7ZZ0RTNQGMELVVY5VQ627H5H9Z,ASFUCZPIEB6WE,0.005625
Adult hand,79,89,256,169,http://langcog.stanford.edu/expts/saycam/frames/18434-S_20140409_1723_02.AVI.mp4-16285.jpg,113,3VQTAXTYN3LUJ9RJZMDJKVXSEO9BUJ,30WQ7ZZ0RTNQGMELVVY5VQ627H5H9Z,ASFUCZPIEB6WE,0.022887369791666667
Face,70,57,164,23,http://langcog.stanford.edu/expts/saycam/frames/18434-S_20140409_1723_02.AVI.mp4-16285.jpg,113,3VQTAXTYN3LUJ9RJZMDJKVXSEO9BUJ,30WQ7ZZ0RTNQGMELVVY5VQ627H5H9Z,ASFUCZPIEB6WE,0.01298828125
None,NA,NA,NA,NA,http://langcog.stanford.edu/expts/saycam/frames/3819-A_20130922_1209_02.mp4-39250.jpg,114,3L21G7IH47WANKTW7QHJH4QWO0T1YO,30WQ7ZZ0RTNQGMELVVY5VQ627H5H9Z,A2A4UAFZ5LW71K,NA
Face,158,327,109,318,http://langcog.stanford.edu/expts/saycam/frames/1581-A_20130721_1008_01.mp4-2460.jpg,115,33N1S8XHHMLASA313CJ2VBZYUUX1ZF,30WQ7ZZ0RTNQGMELVVY5VQ627H5H9Z,A3JHAKPBXYFXUS,0.16818359375
None,NA,NA,NA,NA,http://langcog.stanford.edu/expts/saycam/frames/23617-S_20150322_2905_02.mp4-1025.jpg,116,3HO4MYYR12OODXAO3VWB9FB00NXU6G,30WQ7ZZ0RTNQGMELVVY5VQ627H5H9Z,A1R9ZUH5KUDXLM,NA
None,NA,NA,NA,NA,http://langcog.stanford.edu/expts/saycam/frames/15188-S_20131012_1125_07.mp4-14700.jpg,117,338431Z1FLFMMBOBZXN0L4A7EONROY,30WQ7ZZ0RTNQGMELVVY5VQ627H5H9Z,ASFUCZPIEB6WE,NA
None,NA,NA,NA,NA,http://langcog.stanford.edu/expts/saycam/frames/7145-A_20140321_1808_02.mp4-17805.jpg,118,3VEI3XUCZRX47B0CEX0FA4FXOTJRPF,30WQ7ZZ0RTNQGMELVVY5VQ627H5H9Z,A1R9ZUH5KUDXLM,NA
None,NA,NA,NA,NA,http://langcog.stanford.edu/expts/saycam/frames/12557-S_20130515_0628_02.AVI.mp4-34015.jpg,119,3WKGUBL7SZM7FKJGBTBVLUV3R5Z4LC,30WQ7ZZ0RTNQGMELVVY5VQ627H5H9Z,AOTSBJGYMR4N8,NA
None,NA,NA,NA,NA,http://langcog.stanford.edu/expts/saycam/frames/8813-A_20140704_2121_01.mp4-41185.jpg,120,36AZSFEYZ40UWOGJ4CNOGHZBSVIBV8,30WQ7ZZ0RTNQGMELVVY5VQ627H5H9Z,A1ZNO22R0CI05Q,NA
None,NA,NA,NA,NA,http://langcog.stanford.edu/expts/saycam/frames/12548-S_20130515_0628_02.AVI.mp4-26595.jpg,121,3AC6MFV69KILWLOF51MNNYF5BJSZHB,30WQ7ZZ0RTNQGMELVVY5VQ627H5H9Z,A3DM6785H781UY,NA
None,NA,NA,NA,NA,http://langcog.stanford.edu/expts/saycam/frames/3042-A_20130827_1114_03.mp4-34345.jpg,122,31GN6YMHLPS6SZXQ58EFS8SP3S5WS3,30WQ7ZZ0RTNQGMELVVY5VQ627H5H9Z,A1ZNO22R0CI05Q,NA
Face,133,156,309,198,http://langcog.stanford.edu/expts/saycam/frames/9200-A_20140725_2212_02.mp4-27905.jpg,123,3ECKRY5B1QWLSGZZBJ48NAGKBW7ZI4,30WQ7ZZ0RTNQGMELVVY5VQ627H5H9Z,A21EDP4RJB2IQY,0.0675390625
Child hand,71,54,534,407,http://langcog.stanford.edu/expts/saycam/frames/18519-S_20140413_1727_03.mp4-4840.jpg,124,3XBYQ44Z6P477ZA5U8J52DOB5BJWTS,30WQ7ZZ0RTNQGMELVVY5VQ627H5H9Z,A313LDOJS2HB5G,0.01248046875
None,NA,NA,NA,NA,http://langcog.stanford.edu/expts/saycam/frames/16697-S_20140104_1418_02.mp4-15525.jpg,125,3FULMHZ7OUXRL211B5CAL7ASRAP4ME,30WQ7ZZ0RTNQGMELVVY5VQ627H5H9Z,AUF8HFW7AABOI,NA
None,NA,NA,NA,NA,http://langcog.stanford.edu/expts/saycam/frames/15932-S_20131121_1304_07.mp4-14400.jpg,126,30QQTY5GMKK7HXOTM513FTBWVYHU7F,30WQ7ZZ0RTNQGMELVVY5VQ627H5H9Z,AOTSBJGYMR4N8,NA
None,NA,NA,NA,NA,http://langcog.stanford.edu/expts/saycam/frames/5112-A_20131206_1423_03.mp4-32340.jpg,127,3M67TQBQQHORG7YOVXIWTOQ8JLE9AV,30WQ7ZZ0RTNQGMELVVY5VQ627H5H9Z,A1R9ZUH5KUDXLM,NA
None,NA,NA,NA,NA,http://langcog.stanford.edu/expts/saycam/frames/13266-S_20130622_0805_01.AVI.mp4-7395.jpg,128,31SIZS5W59FP7N1REAF4A957TP5RQ6,30WQ7ZZ0RTNQGMELVVY5VQ627H5H9Z,A9HQ3E0F2AGVO,NA
None,NA,NA,NA,NA,http://langcog.stanford.edu/expts/saycam/frames/18788-S_20140430_1813_05.AVI.mp4-10700.jpg,129,3QGHA0EA0J07BDGOUMSK2JIPZ4KBWI,30WQ7ZZ0RTNQGMELVVY5VQ627H5H9Z,A313LDOJS2HB5G,NA
None,NA,NA,NA,NA,http://langcog.stanford.edu/expts/saycam/frames/11367-A_20150308_2923_02.mp4-25615.jpg,130,3PZDSVZ3J5HX3KM1N6RAYMZSW0Z4NE,30WQ7ZZ0RTNQGMELVVY5VQ627H5H9Z,A1EPE2IRWQ9XO2,NA
Adult hand,148,260,98,332,http://langcog.stanford.edu/expts/saycam/frames/19817-S_20140707_2020_03.mp4-14125.jpg,131,3SMIWMMK615M7CPUUD9F79ADOPQWUJ,30WQ7ZZ0RTNQGMELVVY5VQ627H5H9Z,A3DM6785H781UY,0.12526041666666668
None,NA,NA,NA,NA,http://langcog.stanford.edu/expts/saycam/frames/22591-S_20141228_2611_08.mp4-15340.jpg,132,3MDWE879UH2WZH3G1BISOZAE13Z9BQ,30WQ7ZZ0RTNQGMELVVY5VQ627H5H9Z,A2A4UAFZ5LW71K,NA
None,NA,NA,NA,NA,http://langcog.stanford.edu/expts/saycam/frames/827-A_20130617_0904_01.mp4-15680.jpg,133,32CXT5U14G3BHBTCWAT9TT7R6INU82,30WQ7ZZ0RTNQGMELVVY5VQ627H5H9Z,A3DM6785H781UY,NA
None,NA,NA,NA,NA,http://langcog.stanford.edu/expts/saycam/frames/19593-S_20140618_2001_02.mp4-15960.jpg,134,3EQPA8A374WHNRJ5T1P8ZBVKOBWZJG,30WQ7ZZ0RTNQGMELVVY5VQ627H5H9Z,A1LR0VQIHQUJAM,NA
Face,52,83,338,81,http://langcog.stanford.edu/expts/saycam/frames/2778-A_20130819_1106_03.mp4-51760.jpg,135,3WYZV0QBFJDM0DLE4RO642WW86QBXB,30WQ7ZZ0RTNQGMELVVY5VQ627H5H9Z,ACB2YU5F07TX0,0.014049479166666667
Adult hand,175,60,355,135,http://langcog.stanford.edu/expts/saycam/frames/2778-A_20130819_1106_03.mp4-51760.jpg,135,3WYZV0QBFJDM0DLE4RO642WW86QBXB,30WQ7ZZ0RTNQGMELVVY5VQ627H5H9Z,ACB2YU5F07TX0,0.0341796875
None,NA,NA,NA,NA,http://langcog.stanford.edu/expts/saycam/frames/1880-A_20130727_1014_01.mp4-48795.jpg,136,336OE47KI2KMKREUZ3JK3VCW2WZWV8,30WQ7ZZ0RTNQGMELVVY5VQ627H5H9Z,A1R9ZUH5KUDXLM,NA
Face,183,172,324,28,http://langcog.stanford.edu/expts/saycam/frames/22411-S_20141221_2604_02.mp4-1255.jpg,137,3M7OI89LVYOSR3TOH4BBF9PUTNR6CJ,30WQ7ZZ0RTNQGMELVVY5VQ627H5H9Z,A21EDP4RJB2IQY,0.1024609375
Face,234,238,2,0,http://langcog.stanford.edu/expts/saycam/frames/22411-S_20141221_2604_02.mp4-1255.jpg,137,3M7OI89LVYOSR3TOH4BBF9PUTNR6CJ,30WQ7ZZ0RTNQGMELVVY5VQ627H5H9Z,A21EDP4RJB2IQY,0.1812890625
Child hand,74,116,340,215,http://langcog.stanford.edu/expts/saycam/frames/22411-S_20141221_2604_02.mp4-1255.jpg,137,3M7OI89LVYOSR3TOH4BBF9PUTNR6CJ,30WQ7ZZ0RTNQGMELVVY5VQ627H5H9Z,A21EDP4RJB2IQY,0.027942708333333333
Child hand,111,151,267,310,http://langcog.stanford.edu/expts/saycam/frames/14497-S_20130829_1012_03.AVI.mp4-11840.jpg,138,3T2HW4QDUV7F9MVMFBENZJGWJOZ9CX,30WQ7ZZ0RTNQGMELVVY5VQ627H5H9Z,A3S5AA4R3RIEEP,0.054560546875
Child hand,113,87,553,365,http://langcog.stanford.edu/expts/saycam/frames/14497-S_20130829_1012_03.AVI.mp4-11840.jpg,138,3T2HW4QDUV7F9MVMFBENZJGWJOZ9CX,30WQ7ZZ0RTNQGMELVVY5VQ627H5H9Z,A3S5AA4R3RIEEP,0.032001953125
None,NA,NA,NA,NA,http://langcog.stanford.edu/expts/saycam/frames/6756-A_20140314_1801_01.mp4-26405.jpg,139,3EGKVCRQFWSB0IBO9NA8NG35ACKBYH,30WQ7ZZ0RTNQGMELVVY5VQ627H5H9Z,A1R9ZUH5KUDXLM,NA
None,NA,NA,NA,NA,http://langcog.stanford.edu/expts/saycam/frames/23205-S_20150215_2729_04.mp4-6120.jpg,140,3NC6WP7WJHKZZGEZPDOGPXVA951WWI,30WQ7ZZ0RTNQGMELVVY5VQ627H5H9Z,A3JRLXS637TBX6,NA
None,NA,NA,NA,NA,http://langcog.stanford.edu/expts/saycam/frames/15438-S_20131031_1214_02.mp4-2830.jpg,141,3OJX0UFJ0Z7BVGCM12ZNTP22QO5U9R,30WQ7ZZ0RTNQGMELVVY5VQ627H5H9Z,A1EPE2IRWQ9XO2,NA
None,NA,NA,NA,NA,http://langcog.stanford.edu/expts/saycam/frames/12706-S_20130522_0705_06.AVI.mp4-7545.jpg,142,3URJ6VVYUPNFL5MDOLRNDBZXMA44OT,30WQ7ZZ0RTNQGMELVVY5VQ627H5H9Z,A1R9ZUH5KUDXLM,NA
Adult hand,138,115,31,264,http://langcog.stanford.edu/expts/saycam/frames/10184-A_20141122_2609_02.mp4-43535.jpg,143,3W1K7D6QSBHB58LT59CR1NC7G6OBZ8,30WQ7ZZ0RTNQGMELVVY5VQ627H5H9Z,A3H8O4XH8VNL02,0.05166015625
None,NA,NA,NA,NA,http://langcog.stanford.edu/expts/saycam/frames/11371-A_20150308_2923_02.mp4-30275.jpg,144,3VJ4PFXFJ37P0ZMRT8DNPKDMW6NUA6,30WQ7ZZ0RTNQGMELVVY5VQ627H5H9Z,A1EPE2IRWQ9XO2,NA
None,NA,NA,NA,NA,http://langcog.stanford.edu/expts/saycam/frames/16271-S_20131212_1325_04.mp4-5990.jpg,145,3MXX6RQ9EV5X65YE3L422B4NWF04PA,30WQ7ZZ0RTNQGMELVVY5VQ627H5H9Z,A1R9ZUH5KUDXLM,NA
Child hand,85,90,415,355,http://langcog.stanford.edu/expts/saycam/frames/8065-A_20140509_1926_03.mp4-49245.jpg,146,3UQVX1UPFSHKFAF7IM6OUV6H4TS205,30WQ7ZZ0RTNQGMELVVY5VQ627H5H9Z,A2A4UAFZ5LW71K,0.02490234375
Child hand,241,231,404,239,http://langcog.stanford.edu/expts/saycam/frames/14810-S_20130919_1102_02.mp4-6495.jpg,147,389A2A304OIXDS79FFVU68F3GK5C0O,30WQ7ZZ0RTNQGMELVVY5VQ627H5H9Z,ACB2YU5F07TX0,0.181220703125
None,NA,NA,NA,NA,http://langcog.stanford.edu/expts/saycam/frames/1349-A_20130711_0928_01.mp4-12485.jpg,148,3VQTAXTYN3LUJ9RJZMDJKVXSEO8UB1,30WQ7ZZ0RTNQGMELVVY5VQ627H5H9Z,A2A4UAFZ5LW71K,NA
Child hand,109,81,460,216,http://langcog.stanford.edu/expts/saycam/frames/18514-S_20140413_1727_02.mp4-12125.jpg,149,3FSEU3P2NR0PJOGRRP44FZFCPB7RR7,30WQ7ZZ0RTNQGMELVVY5VQ627H5H9Z,A1R9ZUH5KUDXLM,0.028740234375
Child hand,99,161,103,322,http://langcog.stanford.edu/expts/saycam/frames/18514-S_20140413_1727_02.mp4-12125.jpg,149,3FSEU3P2NR0PJOGRRP44FZFCPB7RR7,30WQ7ZZ0RTNQGMELVVY5VQ627H5H9Z,A1R9ZUH5KUDXLM,0.051884765625
None,NA,NA,NA,NA,http://langcog.stanford.edu/expts/saycam/frames/547-A_20130612_0830_01.mp4-8975.jpg,150,3SV8KD29L4SCYBPNBMPK0QVX30WZKF,30WQ7ZZ0RTNQGMELVVY5VQ627H5H9Z,A21EDP4RJB2IQY,NA
Adult hand,43,26,283,150,http://langcog.stanford.edu/expts/saycam/frames/963-A_20130622_0909_04.mp4-6285.jpg,151,3XEIP58NL0NNIH75WM1LFQ8CS01ZLI,30WQ7ZZ0RTNQGMELVVY5VQ627H5H9Z,A1LR0VQIHQUJAM,0.0036393229166666666
Adult hand,40,27,457,185,http://langcog.stanford.edu/expts/saycam/frames/963-A_20130622_0909_04.mp4-6285.jpg,151,3XEIP58NL0NNIH75WM1LFQ8CS01ZLI,30WQ7ZZ0RTNQGMELVVY5VQ627H5H9Z,A1LR0VQIHQUJAM,0.003515625
None,NA,NA,NA,NA,http://langcog.stanford.edu/expts/saycam/frames/7415-A_20140402_1820_02.mp4-37390.jpg,152,3TUOHPJXYHXEOGJPZIK2RG9HI77WXB,30WQ7ZZ0RTNQGMELVVY5VQ627H5H9Z,A1ZNO22R0CI05Q,NA
None,NA,NA,NA,NA,http://langcog.stanford.edu/expts/saycam/frames/4616-A_20131111_1329_01.mp4-11325.jpg,153,3TCFMTM8HEOKMZ0PE5AO80PR9LY218,30WQ7ZZ0RTNQGMELVVY5VQ627H5H9Z,AOTSBJGYMR4N8,NA
None,NA,NA,NA,NA,http://langcog.stanford.edu/expts/saycam/frames/13335-S_20130622_0805_06.AVI.mp4-10765.jpg,154,37VUR2VJ6APXKHSRBYZUKDYDLCBC1R,30WQ7ZZ0RTNQGMELVVY5VQ627H5H9Z,A3FMBSTZ3ZGSV1,NA
None,NA,NA,NA,NA,http://langcog.stanford.edu/expts/saycam/frames/16948-S_20140123_1506_03.mp4-3790.jpg,155,3SBX2M1TKDNI6HZT3YJR2GUX1BM4Q1,30WQ7ZZ0RTNQGMELVVY5VQ627H5H9Z,A1ZNO22R0CI05Q,NA
Adult hand,128,118,355,352,http://langcog.stanford.edu/expts/saycam/frames/2391-A_20130809_1027_03.mp4-23915.jpg,156,3TFJJUELSHP492ANU2Z8PW8IDIPC28,30WQ7ZZ0RTNQGMELVVY5VQ627H5H9Z,A313LDOJS2HB5G,0.049166666666666664
None,NA,NA,NA,NA,http://langcog.stanford.edu/expts/saycam/frames/7196-A_20140321_1808_04.mp4-1755.jpg,157,3BS6ERDL9372WVZ2H06MZF7CEN36DJ,30WQ7ZZ0RTNQGMELVVY5VQ627H5H9Z,ASFUCZPIEB6WE,NA
Adult hand,62,36,335,311,http://langcog.stanford.edu/expts/saycam/frames/3541-A_20130916_1203_01.mp4-42840.jpg,158,3FO95NVK5C01K3G46E4959K8BDQRSV,30WQ7ZZ0RTNQGMELVVY5VQ627H5H9Z,A1R9ZUH5KUDXLM,0.007265625
Adult hand,40,51,219,355,http://langcog.stanford.edu/expts/saycam/frames/3541-A_20130916_1203_01.mp4-42840.jpg,158,3FO95NVK5C01K3G46E4959K8BDQRSV,30WQ7ZZ0RTNQGMELVVY5VQ627H5H9Z,A1R9ZUH5KUDXLM,0.006640625
Face,75,56,271,143,http://langcog.stanford.edu/expts/saycam/frames/3541-A_20130916_1203_01.mp4-42840.jpg,158,3FO95NVK5C01K3G46E4959K8BDQRSV,30WQ7ZZ0RTNQGMELVVY5VQ627H5H9Z,A1R9ZUH5KUDXLM,0.013671875
None,NA,NA,NA,NA,http://langcog.stanford.edu/expts/saycam/frames/20258-S_20140814_2128_01.mp4-825.jpg,159,3BJKPTD2QCC2Z3TJVE9ZFEGUDW4RTK,30WQ7ZZ0RTNQGMELVVY5VQ627H5H9Z,A1R9ZUH5KUDXLM,NA
Face,137,171,434,27,http://langcog.stanford.edu/expts/saycam/frames/1892-A_20130727_1014_02.mp4-6765.jpg,160,3FW4EL5A3LORBKILX9A2DJZW1RC22P,30WQ7ZZ0RTNQGMELVVY5VQ627H5H9Z,A21EDP4RJB2IQY,0.076259765625
Adult hand,83,94,333,297,http://langcog.stanford.edu/expts/saycam/frames/1892-A_20130727_1014_02.mp4-6765.jpg,160,3FW4EL5A3LORBKILX9A2DJZW1RC22P,30WQ7ZZ0RTNQGMELVVY5VQ627H5H9Z,A21EDP4RJB2IQY,0.025397135416666668
Adult hand,115,92,477,319,http://langcog.stanford.edu/expts/saycam/frames/1892-A_20130727_1014_02.mp4-6765.jpg,160,3FW4EL5A3LORBKILX9A2DJZW1RC22P,30WQ7ZZ0RTNQGMELVVY5VQ627H5H9Z,A21EDP4RJB2IQY,0.034440104166666666
None,NA,NA,NA,NA,http://langcog.stanford.edu/expts/saycam/frames/11231-A_20150216_2903_02.mp4-19425.jpg,161,32FESTC2NHQDTEJPDM9EVF3AW98UC8,30WQ7ZZ0RTNQGMELVVY5VQ627H5H9Z,ARAAV1GIBXYWO,NA
None,NA,NA,NA,NA,http://langcog.stanford.edu/expts/saycam/frames/3549-A_20130916_1203_01.mp4-51135.jpg,162,3D4BBDG7ZHWTUK66Y2DD86DAJWPC3J,30WQ7ZZ0RTNQGMELVVY5VQ627H5H9Z,A2A4UAFZ5LW71K,NA
None,NA,NA,NA,NA,http://langcog.stanford.edu/expts/saycam/frames/3043-A_20130827_1114_03.mp4-35405.jpg,163,3WA2XVDZEMH7O1D2DVH65XPXEZ46EC,30WQ7ZZ0RTNQGMELVVY5VQ627H5H9Z,A9HQ3E0F2AGVO,NA
Child hand,228,521,119,153,http://langcog.stanford.edu/expts/saycam/frames/2363-A_20130809_1027_01.mp4-49340.jpg,164,3R0WOCG21M9NY6P3DI4PFLLSH9KUD8,30WQ7ZZ0RTNQGMELVVY5VQ627H5H9Z,A21EDP4RJB2IQY,0.3866796875
None,NA,NA,NA,NA,http://langcog.stanford.edu/expts/saycam/frames/18616-S_20140423_1806_02.mp4-2395.jpg,165,32W3UF2EZOLECGPAYGIWIB5GXWLC44,30WQ7ZZ0RTNQGMELVVY5VQ627H5H9Z,A2A4UAFZ5LW71K,NA
None,NA,NA,NA,NA,http://langcog.stanford.edu/expts/saycam/frames/12349-S_20130504_0617_02.AVI.mp4-3510.jpg,166,3CIS7GGG65JSQC339DF9L33DHLLUE1,30WQ7ZZ0RTNQGMELVVY5VQ627H5H9Z,A1EPE2IRWQ9XO2,NA
None,NA,NA,NA,NA,http://langcog.stanford.edu/expts/saycam/frames/16146-S_20131204_1317_01.mp4-6870.jpg,167,3E6L1VR4XWMZUFDY861CNFAXQ0J6FU,30WQ7ZZ0RTNQGMELVVY5VQ627H5H9Z,A1NJA4IVIBOCNK,NA
None,NA,NA,NA,NA,http://langcog.stanford.edu/expts/saycam/frames/16118-S_20131130_1313_06.mp4-1770.jpg,168,3INZSNUD80QPEE10F79YJPYE4OB9DX,30WQ7ZZ0RTNQGMELVVY5VQ627H5H9Z,ARAAV1GIBXYWO,NA
None,NA,NA,NA,NA,http://langcog.stanford.edu/expts/saycam/frames/22861-S_20150118_2701_02.mp4-6560.jpg,169,36BTXXLZ2V8IIIETGD8R7642XXO4R2,30WQ7ZZ0RTNQGMELVVY5VQ627H5H9Z,A3DM6785H781UY,NA
Face,73,62,307,45,http://langcog.stanford.edu/expts/saycam/frames/19378-S_20140609_1923_02.mp4-4555.jpg,170,3ZLW647WALVGW2E419O7WT4O75C230,30WQ7ZZ0RTNQGMELVVY5VQ627H5H9Z,A313LDOJS2HB5G,0.014733072916666666
Adult hand,34,59,271,276,http://langcog.stanford.edu/expts/saycam/frames/19378-S_20140609_1923_02.mp4-4555.jpg,170,3ZLW647WALVGW2E419O7WT4O75C230,30WQ7ZZ0RTNQGMELVVY5VQ627H5H9Z,A313LDOJS2HB5G,0.0065299479166666665
Adult hand,39,43,345,282,http://langcog.stanford.edu/expts/saycam/frames/19378-S_20140609_1923_02.mp4-4555.jpg,170,3ZLW647WALVGW2E419O7WT4O75C230,30WQ7ZZ0RTNQGMELVVY5VQ627H5H9Z,A313LDOJS2HB5G,0.005458984375
Adult hand,121,180,13,299,http://langcog.stanford.edu/expts/saycam/frames/16712-S_20140107_1421_01.mp4-3185.jpg,171,3UOMW19E6D6W8ZTACL16N3BUXSGC59,30WQ7ZZ0RTNQGMELVVY5VQ627H5H9Z,A1LR0VQIHQUJAM,0.0708984375
Adult hand,68,54,584,125,http://langcog.stanford.edu/expts/saycam/frames/13445-S_20130630_0813_06.AVI.mp4-19790.jpg,172,3GONHBMNHVY7OZPQWY20F3N1S5RZMK,30WQ7ZZ0RTNQGMELVVY5VQ627H5H9Z,A1LR0VQIHQUJAM,0.011953125
None,NA,NA,NA,NA,http://langcog.stanford.edu/expts/saycam/frames/20479-S_20140828_2211_02.mp4-320.jpg,173,367O8HRHKG8UJXE6V28WXG9YJZ74SQ,30WQ7ZZ0RTNQGMELVVY5VQ627H5H9Z,A2QKAA5YS0P4CI,NA
Child hand,80,125,29,395,http://langcog.stanford.edu/expts/saycam/frames/1904-A_20130731_1018_01.mp4-1740.jpg,174,3ODOP6T3ASK1EYX81NTQ6YWUL5824L,30WQ7ZZ0RTNQGMELVVY5VQ627H5H9Z,A1LR0VQIHQUJAM,0.032552083333333336
Face,201,170,165,130,http://langcog.stanford.edu/expts/saycam/frames/1904-A_20130731_1018_01.mp4-1740.jpg,174,3ODOP6T3ASK1EYX81NTQ6YWUL5824L,30WQ7ZZ0RTNQGMELVVY5VQ627H5H9Z,A1LR0VQIHQUJAM,0.11123046875
Child hand,113,162,69,367,http://langcog.stanford.edu/expts/saycam/frames/9740-A_20140920_2407_01.mp4-24995.jpg,175,335VBRURDJ0U6KF0B2KIP7GZ40C9EQ,30WQ7ZZ0RTNQGMELVVY5VQ627H5H9Z,A2QKAA5YS0P4CI,0.05958984375
None,NA,NA,NA,NA,http://langcog.stanford.edu/expts/saycam/frames/8235-A_20140521_2008_02.mp4-1365.jpg,176,3G57RS03HH5JAH18FSC0BQ28L1325Q,30WQ7ZZ0RTNQGMELVVY5VQ627H5H9Z,A1NJA4IVIBOCNK,NA
Face,69,69,470,268,http://langcog.stanford.edu/expts/saycam/frames/20226-S_20140809_2123_01.mp4-24120.jpg,177,3QTFNPMJC6ID6HAQ8ZH0SIC1XV1ZNK,30WQ7ZZ0RTNQGMELVVY5VQ627H5H9Z,A3H8O4XH8VNL02,0.015498046875
Face,111,97,114,156,http://langcog.stanford.edu/expts/saycam/frames/12110-S_20130421_0604_03.AVI.mp4-10925.jpg,178,3VLL1PIENQOVO2A29EHD77C6N56ZOZ,30WQ7ZZ0RTNQGMELVVY5VQ627H5H9Z,A1EPE2IRWQ9XO2,0.035048828125
Adult hand,19,32,169,389,http://langcog.stanford.edu/expts/saycam/frames/12110-S_20130421_0604_03.AVI.mp4-10925.jpg,178,3VLL1PIENQOVO2A29EHD77C6N56ZOZ,30WQ7ZZ0RTNQGMELVVY5VQ627H5H9Z,A1EPE2IRWQ9XO2,0.001979166666666667
None,NA,NA,NA,NA,http://langcog.stanford.edu/expts/saycam/frames/15109-S_20131009_1122_04.mp4-1395.jpg,179,3BC9H1KCYUC3OL9Z4E64AUGQKD1WYH,30WQ7ZZ0RTNQGMELVVY5VQ627H5H9Z,ARAAV1GIBXYWO,NA
None,NA,NA,NA,NA,http://langcog.stanford.edu/expts/saycam/frames/2393-A_20130809_1027_03.mp4-27110.jpg,180,3NRZ1LDP7W6D92M3OEUSW7HWXA2ZPG,30WQ7ZZ0RTNQGMELVVY5VQ627H5H9Z,A3DM6785H781UY,NA
Face,101,84,368,123,http://langcog.stanford.edu/expts/saycam/frames/17436-S_20140212_1526_07.mp4-38480.jpg,181,322ZSN9Z5GKVYXRLK2DM7L5KLIL4TF,30WQ7ZZ0RTNQGMELVVY5VQ627H5H9Z,A3DM6785H781UY,0.0276171875
Adult hand,59,64,407,330,http://langcog.stanford.edu/expts/saycam/frames/17436-S_20140212_1526_07.mp4-38480.jpg,181,322ZSN9Z5GKVYXRLK2DM7L5KLIL4TF,30WQ7ZZ0RTNQGMELVVY5VQ627H5H9Z,A3DM6785H781UY,0.012291666666666666
Adult hand,164,204,245,237,http://langcog.stanford.edu/expts/saycam/frames/12271-S_20130501_0614_01.AVI.mp4-12750.jpg,182,36U4VBVNQODHZG88VJZ9KA2WWABRUB,30WQ7ZZ0RTNQGMELVVY5VQ627H5H9Z,A2RP1QQW8ZTEB5,0.10890625
Adult hand,77,75,485,82,http://langcog.stanford.edu/expts/saycam/frames/12271-S_20130501_0614_01.AVI.mp4-12750.jpg,182,36U4VBVNQODHZG88VJZ9KA2WWABRUB,30WQ7ZZ0RTNQGMELVVY5VQ627H5H9Z,A2RP1QQW8ZTEB5,0.018798828125
None,NA,NA,NA,NA,http://langcog.stanford.edu/expts/saycam/frames/6759-A_20140314_1801_01.mp4-34000.jpg,183,3M7OI89LVYOSR3TOH4BBF9PUTNRC6P,30WQ7ZZ0RTNQGMELVVY5VQ627H5H9Z,A1R9ZUH5KUDXLM,NA
None,NA,NA,NA,NA,http://langcog.stanford.edu/expts/saycam/frames/15485-S_20131031_1214_06.mp4-1755.jpg,184,38O9DZ0A62NFTL1MKBM53WG8HWE266,30WQ7ZZ0RTNQGMELVVY5VQ627H5H9Z,A3H8O4XH8VNL02,NA
None,NA,NA,NA,NA,http://langcog.stanford.edu/expts/saycam/frames/8922-A_20140704_2121_03.mp4-34150.jpg,185,3APP19WN71E58F9TJQ7U50A9RFJ6GT,30WQ7ZZ0RTNQGMELVVY5VQ627H5H9Z,ARAAV1GIBXYWO,NA
None,NA,NA,NA,NA,http://langcog.stanford.edu/expts/saycam/frames/11781-A_20150425_3112_02.mp4-38325.jpg,186,3TTPFEFXCTKJ8B443WPCQ0MA6FW6HS,30WQ7ZZ0RTNQGMELVVY5VQ627H5H9Z,ASFUCZPIEB6WE,NA
None,NA,NA,NA,NA,http://langcog.stanford.edu/expts/saycam/frames/9667-A_20140912_2330_02.mp4-21085.jpg,187,3UEBBGULPFOKWQ3Z4OZF3LODTM0UFJ,30WQ7ZZ0RTNQGMELVVY5VQ627H5H9Z,A9HQ3E0F2AGVO,NA
None,NA,NA,NA,NA,http://langcog.stanford.edu/expts/saycam/frames/11264-A_20150216_2903_03.mp4-16630.jpg,188,3L1EFR8WWT5MCYFW6D4O7P1ZG1R9F8,30WQ7ZZ0RTNQGMELVVY5VQ627H5H9Z,A313LDOJS2HB5G,NA
Child hand,63,159,350,417,http://langcog.stanford.edu/expts/saycam/frames/3307-A_20130907_1125_01.mp4-30025.jpg,189,3XT3KXP24ZYJ46FO9E7XQCNP6SB6IL,30WQ7ZZ0RTNQGMELVVY5VQ627H5H9Z,A3DM6785H781UY,0.032607421875
Child hand,165,194,154,315,http://langcog.stanford.edu/expts/saycam/frames/18221-S_20140326_1709_04.mp4-13850.jpg,190,3XDJY5RK5SLAYA6AK73WCHRM4WS4U6,30WQ7ZZ0RTNQGMELVVY5VQ627H5H9Z,ACB2YU5F07TX0,0.10419921875
None,NA,NA,NA,NA,http://langcog.stanford.edu/expts/saycam/frames/409-A_20130609_0827_01.mp4-25555.jpg,191,359AP8GAGGKBV37T0EG3LNPQOYBC7O,30WQ7ZZ0RTNQGMELVVY5VQ627H5H9Z,A3S5AA4R3RIEEP,NA
Adult hand,207,209,424,196,http://langcog.stanford.edu/expts/saycam/frames/10843-A_20150106_2724_01.mp4-21580.jpg,192,3HKIF5DF6YXSQYBRHXA6PA1BHGR9G7,30WQ7ZZ0RTNQGMELVVY5VQ627H5H9Z,A313LDOJS2HB5G,0.140830078125
None,NA,NA,NA,NA,http://langcog.stanford.edu/expts/saycam/frames/12127-S_20130421_0604_03.AVI.mp4-25260.jpg,193,3T5ZXGO9DEOY9ENIOR9HWC7626OZQ7,30WQ7ZZ0RTNQGMELVVY5VQ627H5H9Z,A313LDOJS2HB5G,NA
None,NA,NA,NA,NA,http://langcog.stanford.edu/expts/saycam/frames/11107-A_20150127_2814_01.mp4-15635.jpg,194,3TX9T2ZCB913TBJ4008NO1PSQ75WZ8,30WQ7ZZ0RTNQGMELVVY5VQ627H5H9Z,ARAAV1GIBXYWO,NA
None,NA,NA,NA,NA,http://langcog.stanford.edu/expts/saycam/frames/6972-A_20140317_1804_01.mp4-22535.jpg,195,3QXFBUZ4ZKGQAQZUF85XL6OPU10UGI,30WQ7ZZ0RTNQGMELVVY5VQ627H5H9Z,A2QKAA5YS0P4CI,NA
None,NA,NA,NA,NA,http://langcog.stanford.edu/expts/saycam/frames/4643-A_20131111_1329_01.mp4-40475.jpg,196,3RQVKZ7ZRKJYXLFR3LRX9AG4C7Y275,30WQ7ZZ0RTNQGMELVVY5VQ627H5H9Z,A2A4UAFZ5LW71K,NA
None,NA,NA,NA,NA,http://langcog.stanford.edu/expts/saycam/frames/4838-A_20131127_1414_02.mp4-11235.jpg,197,3TC2K6WK9G22XZKADQJ3NACZNR428S,30WQ7ZZ0RTNQGMELVVY5VQ627H5H9Z,A1EPE2IRWQ9XO2,NA
None,NA,NA,NA,NA,http://langcog.stanford.edu/expts/saycam/frames/13509-S_20130703_0816_08.AVI.mp4-2425.jpg,198,30OITAWPBQ36QU6213SOAADCWG49H6,30WQ7ZZ0RTNQGMELVVY5VQ627H5H9Z,ARAAV1GIBXYWO,NA
None,NA,NA,NA,NA,http://langcog.stanford.edu/expts/saycam/frames/19862-S_20140713_2026_01.mp4-4190.jpg,199,34YWR3PJ28ALGQI46BRHKL0DH2SX0A,30WQ7ZZ0RTNQGMELVVY5VQ627H5H9Z,A3DM6785H781UY,NA
None,NA,NA,NA,NA,http://langcog.stanford.edu/expts/saycam/frames/3641-A_20130920_1207_02.mp4-9210.jpg,200,37VHPF5VYC3FVHCCAJ89ZNLLZIHC8B,30WQ7ZZ0RTNQGMELVVY5VQ627H5H9Z,A313LDOJS2HB5G,NA
